epoch,train_loss,train_recon_loss,train_mse_loss,train_kld_loss,train_chron_adv_enc_loss,train_time_bin_adv_enc_loss,train_chron_disc_loss,train_time_bin_disc_loss,val_loss,val_recon_loss,val_mse_loss,val_kld_loss,beta,lr,is_best
1,77.59935468295299,77.45315551658024,77.45315551658024,2.9236917048360045,0.762334289272714,2.6113449196050063,1.342485231596634,1.8725616000298297,46.01908904750534,45.916324826996416,45.916324826996416,2.055284410178028,0.05,0.001,True
2,38.83610005856384,38.57422888056729,38.57422888056729,2.6187117799651367,0.8354226044476878,2.4318721882369867,1.3033174682790098,2.1504987513482057,23.688590980055448,23.43029492091609,23.43029492091609,2.5829605913936264,0.1,0.0009990232305719944,True
3,18.232223252648186,17.92387077502807,17.92387077502807,2.0556831826654407,0.843426454863981,2.389004516545662,1.2925186261642758,1.9496477685323086,12.639077382315776,12.403375345575878,12.403375345575878,1.5713469115993133,0.15000000000000002,0.0009960967771506667,True
4,8.743247416359127,8.432759710870576,8.432759710870576,1.552438527442792,0.8152354534741008,2.3908356436569433,1.3114283482010656,1.8688513299049496,6.510594703883418,6.2236002433398525,6.2236002433398525,1.434972302717825,0.2,0.000991232189110701,True
5,4.3466097298308375,3.9850277293598237,3.9850277293598237,1.4463280018840703,1.0072184158193582,2.4229901937565255,1.1885783452024825,1.9229831508184037,4.171632760368363,3.8404779814157104,3.8404779814157104,1.3246191158106153,0.25,0.0009844486647586723,True
6,2.7320854718541163,2.340637640401397,2.340637640401397,1.3048204195581712,1.044439628635146,2.372879976639204,1.1665420632324217,2.018731560634708,3.431959486481328,3.0554282296922546,3.0554282296922546,1.2551016723011728,0.30000000000000004,0.0009757729755661011,True
7,2.1599487230063827,1.726987867794766,1.726987867794766,1.2369317420866994,1.1197637234116717,2.382518465323993,1.1270098195765537,1.9798456112125933,3.0247709867659878,2.594661531764547,2.594661531764547,1.2282324956147077,0.35000000000000003,0.0009652393605146844,True
8,1.82540455880623,1.3241716655911187,1.3241716655911187,1.252804885288399,1.173175094568595,2.4312577650683087,1.1061272739020749,1.8346344465517768,2.645377808192954,2.1693567468308337,2.1693567468308337,1.1892875089874855,0.4,0.0009528893909706797,True
9,1.5060170777270614,1.0186373410924312,1.0186373410924312,1.2181606744757736,1.2279743776689596,2.435561244690614,1.0856621251761815,1.8379189234016435,2.214310413427803,1.7654455951822883,1.7654455951822883,1.1218064035897257,0.4,0.0009387718066217125,True
10,1.2939220482819531,0.7996051293836202,0.7996051293836202,1.2355956124731002,1.2718190259022684,2.496610066973442,1.0703832756359624,1.788718063150545,2.2217055021046948,1.7707352641874337,1.7707352641874337,1.1272037251071616,0.4,0.0009229423231234975,False
11,1.1654291468351088,0.6712284452648692,0.6712284452648692,1.2352604072798543,1.2243661130536092,2.5265240642998035,1.1116439160709584,1.7334301207507974,2.119469893499867,1.642913614548196,1.642913614548196,1.1913624052770366,0.4,0.000905463412215599,True
12,1.1481347297795064,0.5884078311524291,0.5884078311524291,1.3989847482529394,1.2903662261777111,2.637215259245234,1.090966805268935,1.8795715338134442,2.135746691030629,1.5309202274567035,1.5309202274567035,1.511567819067884,0.4,0.0008864040551740157,False
13,1.0709834744049969,0.5078863681268992,0.5078863681268992,1.4074751396049836,1.1815154504205514,2.5428834883825098,1.2162213227206642,1.7651864401146096,2.227604091581796,1.705085200559397,1.705085200559397,1.3061634965543394,0.4,0.0008658394705735987,False
14,0.9824505594771591,0.4344004328836454,0.4344004328836454,1.369722358551106,1.0383586752897254,2.6463204586801536,1.2023338085626474,1.6258575294692343,2.3730782189506607,1.8136240300840971,1.8136240300840971,1.3983981372482148,0.4,0.0008438508174347009,False
15,0.9567289796975572,0.37899391065040106,0.37899391065040106,1.4439990590045348,1.1788003022789773,2.5943125498982544,1.1655241398541312,1.7167899837139062,2.3289257157718066,1.7040320160356572,1.7040320160356572,1.562211308411493,0.4,0.0008205248749256015,False
16,0.9229669572501087,0.340023511175687,0.340023511175687,1.4571486356701637,1.1128490153230148,2.5753363500322286,1.1935421117021787,1.813318992573953,2.3536325144635915,1.691098233118289,1.691098233118289,1.655876444748746,0.4,0.0007959536998847743,False
17,0.9070119688826999,0.3128412307375581,0.3128412307375581,1.485159469841988,1.1427474497280807,2.580436638637383,1.1858775573945175,1.7303512371922865,2.051195448984625,1.422112542145617,1.422112542145617,1.5721087099272157,0.4,0.0007702342635146033,True
18,0.9408899623919317,0.2915708529411753,0.2915708529411753,1.6229777214820398,1.1184752304656307,2.663806144080528,1.1877851583336805,1.7290251998719015,2.788228141073613,2.2103339256321592,2.2103339256321592,1.4441823838177625,0.4,0.000743468068680349,False
19,0.7909788482171144,0.27983517431973126,0.27983517431973126,1.2771471651558406,1.1429148468907973,2.611236357277867,1.1637273307689895,1.7806003642369421,1.8291731111509186,1.3821124189116838,1.3821124189116838,1.1174072474138461,0.4,0.000715760749324711,True
20,0.7212490146598106,0.25558541479454755,0.25558541479454755,1.163240507240701,1.2312247616658312,2.6542164642988406,1.1229981093120482,1.7713589808939985,2.0392899625129806,1.5905486845309114,1.5905486845309114,1.1209088708727946,0.4,0.0006872216535789157,False
21,0.7990423453754373,0.25892929496668105,0.25892929496668105,1.349474413549301,1.2630073122504548,2.6853587918299264,1.1284448402589708,1.8205818204153712,2.0238105666823323,1.4109035810730355,1.4109035810730355,1.5320321720483328,0.4,0.000657963412215599,False
22,0.762302466247112,0.25202451687405986,0.25202451687405986,1.2751591819793433,1.107165173803835,2.6382879200371683,1.172458130253512,1.6897472634283501,2.0754856652906333,1.604072297797709,1.604072297797709,1.1783883965928292,0.4,0.000628101494146603,False
23,0.7451101668784605,0.2408934492485985,0.2408934492485985,1.259942546211606,1.0696523086499201,2.632952642440826,1.1837799655434336,1.7193420687930154,1.8706672130855626,1.3513845353161111,1.3513845353161111,1.2976919826781157,0.4,0.0005977537507199338,False
24,0.8000944066415135,0.23036175259002845,0.23036175259002845,1.4241024303308845,1.1513651382396197,2.83356524229112,1.159983753335114,1.5168433109892892,1.9394279940699053,1.3116579557403032,1.3116579557403032,1.5693316790999239,0.4,0.0005670399506143307,False
25,0.8662958430996673,0.23515674806204293,0.23515674806204293,1.5773490508954833,1.1638584792106212,3.055990730515725,1.1490531464317715,1.4760087021653534,1.8443499087799855,1.3459448954850628,1.3459448954850628,1.2449374842312264,0.4,0.0005360813071670102,False
26,0.8651096155518135,0.22828938442719207,0.22828938442719207,1.5915175486014415,1.218998288898599,3.1080477767858983,1.1136270249526334,1.408373348111187,1.8766924751387823,1.2936174706886754,1.2936174706886754,1.457118682136564,0.4,0.000505,False
27,0.8939672680794513,0.2259456328256657,0.2259456328256657,1.6695060017024468,1.2331983459287044,3.089201028321583,1.1071380247645415,1.5077836857148406,2.027114090338602,1.3069949307205275,1.3069949307205275,1.7996912776169365,0.4,0.0004739186928329899,False
28,0.8829972081406555,0.21629135630249502,0.21629135630249502,1.6661699148563274,1.2926691976142535,2.993563362270801,1.096488208163704,1.6576694839471349,2.025074418597812,1.3276283756968592,1.3276283756968592,1.7433352999951064,0.4,0.0004429600493856695,False
29,0.8474981833458737,0.20763210043375574,0.20763210043375574,1.5989603767984462,1.340355942725837,2.8607024354510724,1.0769560561582725,1.9008841447723905,1.9010654178688884,1.3236198039173876,1.3236198039173876,1.4433418497257398,0.4,0.0004122462492800663,False
30,0.8103823858836768,0.2011921310219585,0.2011921310219585,1.5223934457005228,1.2996601102921634,2.6668763753040174,1.102843028221585,1.840855895365953,1.841088972477524,1.262157015810858,1.262157015810858,1.4470767637369601,0.4,0.00038189850585339686,False
