tag,lam,drop_port,d_eff,best_epoch,seed,latent_dim,mdl_linear_compression,mdl_mlp_compression,lgbm_val_f1,lgbm_val_mcc,lgbm_val_precision_at_fpr0.01,lgbm_val_purged_f1,lgbm_val_purged_mcc,lgbm_val_purged_precision_at_fpr0.01,lgbm_test_f1,lgbm_test_mcc,lgbm_test_precision_at_fpr0.01,lgbm_test_purged_f1,lgbm_test_purged_mcc,lgbm_test_purged_precision_at_fpr0.01,mlp8_val_f1,mlp8_val_mcc,mlp8_val_precision_at_fpr0.01,mlp8_val_purged_f1,mlp8_val_purged_mcc,mlp8_val_purged_precision_at_fpr0.01,mlp8_test_f1,mlp8_test_mcc,mlp8_test_precision_at_fpr0.01,mlp8_test_purged_f1,mlp8_test_purged_mcc,mlp8_test_purged_precision_at_fpr0.01,lgbm_head_params,mlp8_head_params,lgbm_head_KB,mlp8_head_KB
L_lam0.05,0.05,False,1,3,42,32,2.3702225849348926,3.9584276096140876,0.9020507615674758,0.8176635659048578,0.9881922274353352,0.9312738729193967,0.8804182647330884,0.9858498837956982,0.8051855077075082,0.7312501216330993,0.9752987077222913,0.5899661372860803,0.557850605241088,0.9143829613182191,0.7256634919667005,0.5154045862221512,0.9652876581623822,0.7708361817806428,0.6047282191877641,0.9682754880694143,0.5546371354028296,0.36314845443988075,0.7238568834598877,0.44728750035570747,0.3066900401350914,0.6687946668173216,25200,273,1379.3,1.06640625
L_lam0.25,0.25,False,1,4,42,32,2.0080528530071775,2.9026250298109413,0.8465940130408292,0.7142322086883984,0.9853268905222106,0.8847890927596054,0.7937992868128941,0.9829785995897407,0.665708139818428,0.5234122083445228,0.9640083812782256,0.4846552425801576,0.3697413682275161,0.8967706982610085,0.6140476206342754,0.351144193552812,0.9430395541321799,0.5834820924640806,0.3358409998324343,0.9090225758793188,0.5293493486666422,0.2786487536809886,0.9184737585887627,0.28054378822713205,0.07360378776004588,0.7333969942932497,25200,273,1379.3,1.06640625
L_lam0,0.0,False,2,3,42,32,2.9500018817949827,7.164826432902768,0.86700653247223,0.7648377529047228,0.9868398728483945,0.9221282007230233,0.866659625381817,0.9853179541342926,0.6752397373718498,0.596597731726546,0.9643882489736079,0.609752911723087,0.5842174881030092,0.9209774375286411,0.8447260541876418,0.7096285231159792,0.971256471838544,0.8475246897358911,0.7444273057305478,0.9710329118938369,0.7164587026487444,0.590049417771766,0.9553652419828185,0.3609112574912288,0.28818718939073074,0.846175039030214,25200,273,1379.3,1.06640625
L_lam0_s43,0.0,False,3,3,43,32,3.4143729000634586,8.878352901052676,0.9224984639522021,0.8530710148385052,0.9884267926366137,0.9374087014616794,0.8920545728932073,0.9862156865055518,0.7959268640866902,0.7286601498859689,0.9755640230264899,0.634826475255402,0.617494005531193,0.9252072968490879,0.8167792749845733,0.6758968003530776,0.977856896626018,0.8243218587400247,0.705967101454017,0.9712740099354279,0.6158247287245449,0.4919495994802205,0.9436707448980022,0.3832502128436549,0.291858555496657,0.84843390321496,25200,273,1379.3,1.06640625
L_lam0_s44,0.0,False,2,3,44,32,2.7293858854234045,7.893396453527269,0.9023819955873653,0.8179819859095167,0.9876577680104718,0.9305988435391915,0.8794861019040298,0.9857472057823302,0.7791997172588934,0.7022710053870868,0.9711782794828284,0.60049832266067,0.5707972179856858,0.9182693313072028,0.8681082245966256,0.73622887450363,0.9724185589351189,0.8728570009458695,0.7677047467188695,0.9622671934209466,0.7634091826242531,0.625724950205752,0.9498461734474011,0.467417319884373,0.3404226250977938,0.5642512077294686,25200,273,1379.3,1.06640625
L_lam1,1.0,False,1,8,42,32,1.8976808889984598,2.380462604086024,0.8399425677784673,0.7071564199872864,0.983839964149957,0.8844934689093663,0.7956561720436949,0.9813229820439894,0.6768575670703807,0.5523594593896632,0.9509844149563663,0.6009564302955562,0.5133270038343851,0.8596898482745418,0.6359933361300371,0.30136720255869626,0.7806472267427901,0.6207456204883606,0.33256111937915156,0.7980088622892328,0.5378300593233296,0.2594097783142725,0.6799780004304263,0.42318292611690234,0.24482466648918821,0.6380055572707626,25200,273,1379.3,1.06640625
M_lam0.25,0.25,False,1,8,42,8,1.98598470294502,2.3695579280757424,0.8083259598929874,0.6482976334111109,0.9767819474134547,0.8609571434837917,0.7493224805042622,0.9691500441655351,0.5940829947291982,0.4476185583547817,0.9531466621854389,0.4881831528922443,0.3758523183162887,0.85882522939094,0.42185326916703725,0.06870622718790262,0.5991614664586583,0.3990380197655886,0.07604541181311049,0.5132510059664215,0.3818349730612078,0.07402478910104406,0.36650520358735794,0.3074793915651743,0.0957483169059734,0.27393270958547616,25200,81,1379.3,0.31640625
M_lam0,0.0,False,2,3,42,8,2.5359981488605174,4.043418286754641,0.8587719154707815,0.7382100829726267,0.9836863784633212,0.8902385176812617,0.8066915786708012,0.981695535744551,0.6446839273025683,0.5295621967559541,0.9568793860073076,0.46990437208694336,0.384818230365548,0.8713771693104281,0.8266235520030457,0.6873821953708222,0.9636641653187672,0.840412301478286,0.7305411894569619,0.9609987607186721,0.6532056716854261,0.5270278721071868,0.9149919971545438,0.3205452507630764,0.23057446335635323,0.7159055118110236,25200,81,1379.3,0.31640625
M_lam0_s43,0.0,False,2,3,43,8,2.172350365719676,3.7925063803744234,0.8716775501449852,0.7631011280041851,0.9847943763974397,0.9156007533764344,0.851242648817281,0.9836276240697248,0.707521220257748,0.606931481593461,0.9519460002872325,0.5394363848590962,0.4780651185056696,0.870994004070631,0.8233223858181328,0.661023800488471,0.946383039772542,0.8486005441212318,0.7318095353300962,0.9473826227738802,0.655298873360849,0.48684860080487613,0.649183507640691,0.30302545061499814,0.17269389080344746,0.2234514739980126,25200,81,1379.3,0.31640625
M_lam0_s44,0.0,False,2,3,44,8,2.535036698889909,4.0882805366050325,0.8694423177415631,0.7602267973082074,0.9849878032748572,0.914971371688165,0.8497819434493515,0.9842369752956128,0.6785145370071232,0.5779236892902219,0.9601227633676495,0.5619678955088128,0.4993630643341512,0.9080847194569427,0.8014779617520936,0.5870207923882843,0.9715063973717407,0.7689106980808658,0.5690522348731526,0.9742353766121246,0.6320562593732268,0.39513393982532335,0.6020990664208836,0.2794398325936487,0.06306441090267782,0.24417929700096744,25200,81,1379.3,0.31640625
M_lam1,1.0,False,1,7,42,8,2.255518630350208,2.4746737113659387,0.8439200963995347,0.7018945412734876,0.9809175010328037,0.8422054966667841,0.7240950671246963,0.9764441311717518,0.762277752380877,0.6420478040824464,0.9574432226511572,0.4562829875273975,0.35564520196448385,0.8123900035198873,0.4349081610884699,0.1411464501535557,0.6105163429654192,0.41867870557139875,0.13362033979325275,0.5364806866952789,0.33641402567680884,0.07557442303403916,0.4118396765403885,0.21144963894800228,0.0057935033763313005,0.12554080262568998,25200,81,1379.3,0.31640625
S_dropport,0.0,True,1,3,42,4,2.375943701279764,2.792531613217381,0.7408214099519203,0.513669931757395,0.9639774629128222,0.7549692051127732,0.5609394062196267,0.9614717474118719,0.571639765997157,0.3374163522591366,0.8573605737975722,0.47922603602529257,0.32375285657377095,0.5791117653394607,0.7934961309752686,0.5398583748313832,0.949669749817888,0.7450250135989209,0.5002014266416426,0.9540028043874248,0.6935596761076558,0.4701445226460098,0.4122348601291116,0.49162060210062986,0.3417794124827237,0.2823558222113383,25200,49,1379.3,0.19140625
S_lam0.25,0.25,False,3,3,42,4,1.7203538992203202,1.7457100959717264,0.8049891279392564,0.6652364267046713,0.9843756271613963,0.8237359963155929,0.7104842528816935,0.98495663473452,0.6025162742685626,0.4782326967046476,0.9527261650929029,0.4207740951697538,0.3236183042661244,0.8896815319973297,0.3738784686222557,-0.03401302383857936,0.22666029622551362,0.3395665733314544,-0.05190281097128368,0.08071748878923767,0.21775060904874335,-0.18799106238036797,0.003211591605048921,0.13778094304141233,-0.1682699753411813,0.0017126220243192328,25200,49,1379.3,0.19140625
S_lam0,0.0,False,2,3,42,4,2.635306672315239,3.2969058647143172,0.8167717303437309,0.6836293560032892,0.9822112409725617,0.8891501702693697,0.806869934261122,0.9790869144261563,0.5697040080178123,0.4738242414254586,0.9489789305550791,0.6222988604399848,0.557483906052229,0.88116544210793,0.8498807963620412,0.6784597685583857,0.9721936635913531,0.8109850587813361,0.6477359621489533,0.9609713790112749,0.7286397179893145,0.5531372535847862,0.9241351555104609,0.40531276506855385,0.24390290057708822,0.7019800218590346,25200,49,1379.3,0.19140625
S_lam0_s43,0.0,False,1,4,43,4,1.8204889944510907,2.6090666928694675,0.767232073969863,0.565887831660565,0.9695874591731428,0.6975929760844306,0.4986181192777717,0.9504282798895581,0.7225517690580681,0.549635919938721,0.9448939174973341,0.3663799875890549,0.19480391921053433,0.7093640013879938,0.4199368526888241,-0.11949476841460231,0.844058795637743,0.4739597139119854,-0.03794942422930813,0.8535333514156356,0.21822429987859285,-0.29816338131724895,0.15376344086021507,0.27336451703510867,-0.04957245408768465,0.1481400755594304,25200,49,1379.3,0.19140625
S_lam0_s44,0.0,False,2,3,44,4,2.594200153273287,3.727013392936582,0.8668920162793807,0.748741954819267,0.986076060851391,0.8986953490864609,0.8192782016548972,0.9845787204827072,0.6869829869726282,0.5570887937064958,0.964307240965462,0.47614027959322136,0.37272910957799127,0.8812520886710482,0.8847387435411007,0.7593666814033002,0.9786219448777951,0.8757507923491212,0.7708782277387788,0.9803209755413834,0.7720486186206599,0.6364952101817072,0.5072164948453608,0.4796672600926306,0.3561970577923512,0.16600256154831364,25200,49,1379.3,0.19140625
S_lam1,1.0,False,3,7,42,4,1.7197432436572424,1.7635847965901266,0.9040305225744263,0.8120763915945676,0.9856285733942131,0.9005486801249947,0.8269555745076259,0.982433653590898,0.8003805224646774,0.7120304439476796,0.9722998122059378,0.5387908155402976,0.48810603062548563,0.8741250393393165,0.5201591975262653,0.11464827358479433,0.7309922680412371,0.35851485749057405,-0.05844659019351926,0.22786343612334803,0.5916712835323776,0.3017281389576774,0.7536309249884952,0.293611584226964,0.04416609604440932,0.07197775233109766,25200,49,1379.3,0.19140625
XS_lam0.25,0.25,False,4,7,42,4,1.721067759014788,1.7649111576907195,0.6447714927673218,0.3023300816304685,0.8805949402279678,0.638054749299876,0.3391677845322261,0.888110410872091,0.5315736678337172,0.24522230581013432,0.8495556933250672,0.41975069690746525,0.23543923991002194,0.8694113376489806,0.5162317775327698,0.18852205143770245,0.21124911642936484,0.4054227731597604,0.11549984594704432,0.06798565927499668,0.4732098619321476,0.20257257778121612,0.29262490087232357,0.11991594788222462,-0.0984382392834358,0.059286632390745504,25200,49,1379.3,0.19140625
XS_lam0,0.0,False,2,3,42,4,2.4936688083735272,3.306913757255266,0.8372219474488066,0.7116319360120833,0.984880665383123,0.8741811706345,0.7867598760355728,0.9818949095005008,0.6895539438378364,0.587501061755837,0.959233278608132,0.5052570243614022,0.4468462298029593,0.8491929779435407,0.8513230784123059,0.6840797694493804,0.9785139559982962,0.8159269579692614,0.6580693578512676,0.964025090193506,0.7719944304841916,0.6247618172133615,0.9678635491531854,0.48594807357984504,0.3467668109805946,0.8024404220177301,25200,49,1379.3,0.19140625
XS_lam0_s43,0.0,False,1,3,43,4,2.3561820359325476,2.9602659808756435,0.8012943830557671,0.5975012933803221,0.9784971267599739,0.7617375552028314,0.568288983293748,0.9730239744190873,0.7357597979068928,0.5618356752410932,0.9543382578730083,0.5072809188330057,0.3621481858732278,0.8467951306755899,0.5311258308487572,0.04476329698160392,0.9544860506584266,0.6308628158613305,0.22949734754363238,0.9591964846202135,0.2198673512694833,-0.3333045462380304,0.08279643591501028,0.29959659173580677,-0.02253152402332052,0.08340498710232158,25200,49,1379.3,0.19140625
XS_lam0_s44,0.0,False,1,3,44,4,1.9141656821243687,2.95410942340418,0.8454950736840161,0.6891638756467241,0.9764966456998686,0.8295189026869186,0.688329928145876,0.9721958712555717,0.6638875492647633,0.46487201310402876,0.8997017207266623,0.34741676689242235,0.16313643135826927,0.5149145670431509,0.7883816702740639,0.5466132923839736,0.546622553074166,0.7314860171636249,0.4888078294982814,0.3249350899124916,0.6338986064614478,0.3629468342530855,0.3124710960382303,0.29952664618551766,0.04575504307422248,0.06335383877926021,25200,49,1379.3,0.19140625
XS_lam1,1.0,False,4,3,42,4,1.7213421889468024,1.7420897651565412,0.7653070546845574,0.4870139520820361,0.9013732079394629,0.7232487646206388,0.47516763074605955,0.7885833692659789,0.6573050558873608,0.41843962517756944,0.8920493001880092,0.3597287252015253,0.15893373065831662,0.7451642415265314,0.2875369635036726,-0.042757061525928286,0.4126206493126645,0.2344367280998498,-0.04235272592713318,0.23949671772428885,0.30693371634077105,0.02878700245950867,0.4360119674687118,0.24445081476166527,0.05845368251997016,0.23633041889599374,25200,49,1379.3,0.19140625
